<?xml version="1.0" encoding="UTF-8" ?>
<pageDefinition xmlns="http://xmlns.oracle.com/adfm/uimodel" version="12.1.3.2.1" id="checkoutPageDef"
                Package="mobile.pageDefs">
  <parameters/>
  <executables>
    <variableIterator id="variables"/>
    <iterator Binds="root" RangeSize="25" DataControl="SelectedItemsList" id="SelectedItemsListIterator"/>
   <accessorIterator MasterBinding="SelectedItemsListIterator" Binds="assets" RangeSize="25"
                      DataControl="SelectedItemsList" BeanClass="mobile.Item" id="assetsIterator"/>
    <iterator Binds="root" RangeSize="25" DataControl="SelectedItemsList1" id="SelectedItemsList1Iterator"/>
    <accessorIterator MasterBinding="SelectedItemsList1Iterator" Binds="assets" RangeSize="25"
                      DataControl="SelectedItemsList1" BeanClass="mobile.SelectedItem" id="assetsIterator1"/>
    <iterator Binds="root" RangeSize="25" DataControl="CostCenterList" id="CostCenterListIterator"/>
    <accessorIterator MasterBinding="CostCenterListIterator" Binds="costCenters" RangeSize="25"
                      DataControl="CostCenterList" BeanClass="mobile.CostCenter" id="costCentersIterator"/>
    <iterator Binds="root" RangeSize="25" DataControl="DeliverToLocationList" id="DeliverToLocationListIterator"/>
    <accessorIterator MasterBinding="DeliverToLocationListIterator" Binds="deliverToLocations" RangeSize="25"
                      DataControl="DeliverToLocationList" BeanClass="mobile.DeliverToLocation"
                      id="deliverToLocationsIterator"/>
    <iterator Binds="root" RangeSize="25" DataControl="NaturalAcccountList" id="NaturalAcccountListIterator"/>
    <accessorIterator MasterBinding="NaturalAcccountListIterator" Binds="naturalAccounts" RangeSize="25"
                      DataControl="NaturalAcccountList" BeanClass="mobile.NaturalAccounts"
                      id="naturalAccountsIterator"/>
  </executables>
  <bindings>
    <tree IterBinding="assetsIterator1" id="assets2">
      <nodeDefinition DefName="mobile.SelectedItem" Name="assets20">
        <AttrNames>
          <Item Value="quantity"/>
          <Item Value="need_by_date"/>
          <Item Value="deliver_to_location"/>
          <Item Value="checked"/>
          <Item Value="source"/>
          <Item Value="uom"/>
          <Item Value="imageUrl"/>
          <Item Value="poNo"/>
          <Item Value="vendorName"/>
          <Item Value="vendorSiteCode"/>
          <Item Value="productCategory"/>
          <Item Value="productTitle"/>
          <Item Value="unitPrice"/>
          <Item Value="amount"/>
          <Item Value="rowid"/>
          <Item Value="costCenter"/>
          <Item Value="naturalAccount"/>
        </AttrNames>
      </nodeDefinition>
    </tree>
    <list IterBinding="costCentersIterator" ListOperMode="navigation" ListIter="costCentersIterator" id="costCenters"
          DTSupportsMRU="true" SelectItemValueMode="ListObject">
      <AttrNames>
        <Item Value="description"/>
        
      </AttrNames>
    </list>
    <list IterBinding="deliverToLocationsIterator" ListOperMode="navigation" ListIter="deliverToLocationsIterator"
          id="deliverToLocations" DTSupportsMRU="true" SelectItemValueMode="ListObject">
      <AttrNames>
        <Item Value="code"/>
      </AttrNames>
    </list>
    <methodAction id="deleteFromCart" RequiresUpdateModel="true" Action="invokeMethod" MethodName="deleteFromCart"
                  IsViewObjectMethod="false" DataControl="ItemsList" InstanceName="data.ItemsList.dataProvider"/>
    <methodAction id="populateCartTotal" RequiresUpdateModel="true" Action="invokeMethod" MethodName="populateCartTotal"
                  IsViewObjectMethod="false" DataControl="ItemsList" InstanceName="data.ItemsList.dataProvider"/>
    <methodAction id="quantityChanged" RequiresUpdateModel="true" Action="invokeMethod" MethodName="quantityChanged"
                  IsViewObjectMethod="false" DataControl="ItemsList" InstanceName="data.ItemsList.dataProvider"/>
    <methodAction id="needByDateChanged" RequiresUpdateModel="true" Action="invokeMethod" MethodName="needByDateChanged"
                  IsViewObjectMethod="false" DataControl="ItemsList" InstanceName="data.ItemsList.dataProvider"/>
    <methodAction id="makeRequesition" RequiresUpdateModel="true" Action="invokeMethod" MethodName="makeRequesition"
                  IsViewObjectMethod="false" DataControl="ItemsList" InstanceName="data.ItemsList.dataProvider"/>
    <methodAction id="makeCheckout" RequiresUpdateModel="true" Action="invokeMethod" MethodName="makeCheckout"
                  IsViewObjectMethod="false" DataControl="ItemsList" InstanceName="data.ItemsList.dataProvider"/>
    <list IterBinding="naturalAccountsIterator" ListOperMode="navigation" ListIter="naturalAccountsIterator"
          id="naturalAccounts" DTSupportsMRU="true" SelectItemValueMode="ListObject">
      <AttrNames>
        <Item Value="description"/>
      </AttrNames>
    </list>
  </bindings>
</pageDefinition>
