<?xml version="1.0" encoding="UTF-8" ?>
<pageDefinition xmlns="http://xmlns.oracle.com/adfm/uimodel" version="12.1.3.9.1" id="searchPageDef"
                Package="mobile.pageDefs">
  <parameters/>
  <executables>
    <variableIterator id="variables"/>
    <!--<iterator Binds="root" RangeSize="25" DataControl="ItemsList" id="ItemsListIterator"/>
    <accessorIterator MasterBinding="ItemsListIterator" Binds="assets" RangeSize="25" DataControl="ItemsList"
                      BeanClass="mobile.Item" id="assetsIterator"/>-->
    <iterator Binds="root" RangeSize="5000" DataControl="ItemsList1" id="ItemsList1Iterator"/>
    <accessorIterator MasterBinding="ItemsList1Iterator" Binds="assets" RangeSize="5000" DataControl="ItemsList1"
                      BeanClass="mobile.Item" id="assetsIterator1" Refresh="always"/>
    <iterator Binds="root" RangeSize="25" DataControl="CategoryList" id="CategoryListIterator"/>
    <accessorIterator MasterBinding="CategoryListIterator" Binds="categories" RangeSize="25" DataControl="CategoryList"
                      BeanClass="mobile.Category" id="categoriesIterator"/>
    <iterator Binds="root" RangeSize="25" DataControl="CategoryList1" id="CategoryList1Iterator"/>
    <accessorIterator MasterBinding="CategoryList1Iterator" Binds="categories" RangeSize="25"
                      DataControl="CategoryList1" BeanClass="mobile.Category" id="categoriesIterator1"/>
    <iterator Binds="root" RangeSize="25" DataControl="CategoryList2" id="CategoryList2Iterator"/>
    <accessorIterator MasterBinding="CategoryList2Iterator" Binds="categories" RangeSize="25"
                      DataControl="CategoryList2" BeanClass="mobile.Category" id="categoriesIterator2"/>
    <iterator Binds="root" RangeSize="25" DataControl="CategoryList3" id="CategoryList3Iterator"/>
    <accessorIterator MasterBinding="CategoryList3Iterator" Binds="categories" RangeSize="25"
                      DataControl="CategoryList3" BeanClass="mobile.Category" id="categoriesIterator3"/>
    <iterator Binds="root" RangeSize="25" DataControl="AliasList" id="AliasListIterator"/>
    <accessorIterator MasterBinding="AliasListIterator" Binds="aliass" RangeSize="25" DataControl="AliasList"
                      BeanClass="mobile.Alias" id="aliassIterator"/>
  </executables>
  <bindings>
    <!--<tree IterBinding="assetsIterator" id="assets">
      <nodeDefinition DefName="mobile.Item" Name="assets0">
        <AttrNames>
          <Item Value="productTitle"/>
          <Item Value="unitPrice"/>
          <Item Value="productCategory"/>
          <Item Value="poNo"/>
        </AttrNames>
      </nodeDefinition>
    </tree>
    <tree IterBinding="assetsIterator" id="assets1">
      <nodeDefinition DefName="mobile.Item" Name="assets10">
        <AttrNames>
          <Item Value="productTitle"/>
          <Item Value="poNo"/>
          <Item Value="unitPrice"/>
        </AttrNames>
      </nodeDefinition>
    </tree>
    <tree IterBinding="assetsIterator" id="assets2">
      <nodeDefinition DefName="mobile.Item" Name="assets20">
        <AttrNames>
          <Item Value="productTitle"/>
          <Item Value="unitPrice"/>
          <Item Value="poNo"/>
          <Item Value="vendorName"/>
          <Item Value="imageUrl"/>
        </AttrNames>
      </nodeDefinition>
    </tree>
    <tree IterBinding="assetsIterator" id="assets3">
      <nodeDefinition DefName="mobile.Item" Name="assets30">
        <AttrNames>
          <Item Value="productTitle"/>
          <Item Value="imageUrl"/>
          <Item Value="vendorName"/>
          <Item Value="unitPrice"/>
        </AttrNames>
      </nodeDefinition>
    </tree>
    <tree IterBinding="assetsIterator" id="assets4">
      <nodeDefinition DefName="mobile.Item" Name="assets40">
        <AttrNames>
          <Item Value="vendorName"/>
          <Item Value="unitPrice"/>
          <Item Value="productTitle"/>
          <Item Value="checked"/>
        </AttrNames>
      </nodeDefinition>
    </tree>-->
    <tree IterBinding="assetsIterator1" id="assets5">
      <nodeDefinition DefName="mobile.Item" Name="assets50">
        <AttrNames>
          <Item Value="checked"/>
          <Item Value="source"/>
          <Item Value="uom"/>
          <Item Value="imageUrl"/>
          <Item Value="poNo"/>
          <Item Value="vendorName"/>
          <Item Value="vendorSiteCode"/>
          <Item Value="productCategory"/>
          <Item Value="productTitle"/>
          <Item Value="unitPrice"/>
          <Item Value="rowId"/>
          <Item Value="showDiverseImage"/>
          <Item Value="diverseImageURL"/>
          <Item Value="sellerName"/>
          <Item Value="showSeller"/>
          <Item Value="attrib"/>
          <Item Value="showAttrib"/>
          <Item Value="spec"/>
          <Item Value="showSpec"/>          
        </AttrNames>
      </nodeDefinition>
    </tree>
    <methodAction id="toggleSpringboard" RequiresUpdateModel="true" Action="invokeMethod" MethodName="toggleSpringboard"
                  IsViewObjectMethod="false" DataControl="ApplicationFeatures"
                  InstanceName="data.ApplicationFeatures.dataProvider"/>
    <list IterBinding="categoriesIterator" ListOperMode="navigation" ListIter="categoriesIterator" id="categories"
          DTSupportsMRU="true" SelectItemValueMode="ListObject">
      <AttrNames>
        <Item Value="parent_id"/>
      </AttrNames>
    </list>
    <list IterBinding="categoriesIterator1" ListOperMode="navigation" ListIter="categoriesIterator1" id="categories1"
          DTSupportsMRU="true" SelectItemValueMode="ListObject">
      <AttrNames>
        <Item Value="parent_id"/>
      </AttrNames>
    </list>
    <list IterBinding="categoriesIterator2" ListOperMode="navigation" ListIter="categoriesIterator2" id="categories2"
          DTSupportsMRU="true" SelectItemValueMode="ListObject">
      <AttrNames>
        <Item Value="parent_id"/>
      </AttrNames>
    </list>
    <list IterBinding="categoriesIterator3" ListOperMode="navigation" ListIter="categoriesIterator3" id="categories3"
          DTSupportsMRU="true" SelectItemValueMode="ListObject">
      <AttrNames>
        <Item Value="parent_id"/>
      </AttrNames>
    </list>
    <methodAction id="refresh" RequiresUpdateModel="true" Action="invokeMethod" MethodName="refresh"
                  IsViewObjectMethod="false" DataControl="ItemsList1" InstanceName="data.ItemsList1.dataProvider"/>
    <methodAction id="selectItem" RequiresUpdateModel="true" Action="invokeMethod" MethodName="selectItem"
                  IsViewObjectMethod="false" DataControl="ItemsList" InstanceName="data.ItemsList.dataProvider"/>
    <methodAction id="addItemToCart" RequiresUpdateModel="true" Action="invokeMethod" MethodName="addItemToCart"
                  IsViewObjectMethod="false" DataControl="ItemsList" InstanceName="data.ItemsList.dataProvider"/>
    <methodAction id="showCart" RequiresUpdateModel="true" Action="invokeMethod" MethodName="showCart"
                  IsViewObjectMethod="false" DataControl="ItemsList" InstanceName="data.ItemsList.dataProvider"/>
    <methodAction id="showPrevPageItems" RequiresUpdateModel="true" Action="invokeMethod" MethodName="showPrevPageItems"
                  IsViewObjectMethod="false" DataControl="ItemsList" InstanceName="data.ItemsList.dataProvider">
      <NamedData NDName="actionEvent" NDType="oracle.adfmf.amx.event.ActionEvent"/>
    </methodAction>
    <methodAction id="getNextPageItems" RequiresUpdateModel="true" Action="invokeMethod" MethodName="getNextPageItems"
                  IsViewObjectMethod="false" DataControl="ItemsList" InstanceName="data.ItemsList.dataProvider">
      <NamedData NDName="actionEvent" NDType="oracle.adfmf.amx.event.ActionEvent"/>
    </methodAction>
    <methodAction id="filterItemsByCategory" RequiresUpdateModel="true" Action="invokeMethod"
                  MethodName="filterItemsByCategory" IsViewObjectMethod="false" DataControl="ItemsList"
                  InstanceName="data.ItemsList.dataProvider"/>
    <methodAction id="clearFilter" RequiresUpdateModel="true" Action="invokeMethod" MethodName="clearFilter"
                  IsViewObjectMethod="false" DataControl="ItemsList" InstanceName="data.ItemsList.dataProvider"/>
    <methodAction id="sortItems" RequiresUpdateModel="true" Action="invokeMethod" MethodName="sortItems"
                  IsViewObjectMethod="false" DataControl="ItemsList" InstanceName="data.ItemsList.dataProvider"/>
    <methodAction id="getItemDetails" RequiresUpdateModel="true" Action="invokeMethod" MethodName="getItemDetails"
                  IsViewObjectMethod="false" DataControl="ItemsList" InstanceName="data.ItemsList.dataProvider"/>
    <methodAction id="showCategories" RequiresUpdateModel="true" Action="invokeMethod" MethodName="showCategories"
                  IsViewObjectMethod="false" DataControl="CategoryList" InstanceName="data.CategoryList.dataProvider"/>
    <methodAction id="getCategories1" RequiresUpdateModel="true" Action="invokeMethod" MethodName="getCategories1"
                  IsViewObjectMethod="false" DataControl="CategoryList1"
                  InstanceName="data.CategoryList1.dataProvider"/>
    <methodAction id="getCategoryList" RequiresUpdateModel="true" Action="invokeMethod" MethodName="getCategoryList"
                  IsViewObjectMethod="false" DataControl="CategoryList" InstanceName="data.CategoryList.dataProvider"/>
    <methodAction id="getCategories2" RequiresUpdateModel="true" Action="invokeMethod" MethodName="getCategories2"
                  IsViewObjectMethod="false" DataControl="CategoryList2"
                  InstanceName="data.CategoryList2.dataProvider"/>
    <methodAction id="getCategories3" RequiresUpdateModel="true" Action="invokeMethod" MethodName="getCategories3"
                  IsViewObjectMethod="false" DataControl="CategoryList3"
                  InstanceName="data.CategoryList3.dataProvider"/>
    <methodAction id="getCategories4" RequiresUpdateModel="true" Action="invokeMethod" MethodName="getCategories4"
                  IsViewObjectMethod="false" DataControl="CategoryList3"
                  InstanceName="data.CategoryList3.dataProvider"/>
    <methodAction id="populateUOM" RequiresUpdateModel="true" Action="invokeMethod" MethodName="populateUOM"
                  IsViewObjectMethod="false" DataControl="UOMList" InstanceName="data.UOMList.dataProvider"/>
    <methodAction id="doSelectItem" RequiresUpdateModel="true" Action="invokeMethod" MethodName="doSelectItem"
                  IsViewObjectMethod="false" DataControl="ItemsList" InstanceName="data.ItemsList.dataProvider"/>
    <methodAction id="getSpecDetails" RequiresUpdateModel="true" Action="invokeMethod" MethodName="getSpecDetails"
                  IsViewObjectMethod="false" DataControl="ItemsList" InstanceName="data.ItemsList.dataProvider"/>
    <list IterBinding="aliassIterator" ListOperMode="navigation" ListIter="aliassIterator" id="aliass"
          DTSupportsMRU="true" SelectItemValueMode="ListObject">
      <AttrNames>
        <Item Value="name"/>
      </AttrNames>
    </list>
  </bindings>
</pageDefinition>
