<?xml version="1.0" encoding="UTF-8" ?>
<pageDefinition xmlns="http://xmlns.oracle.com/adfm/uimodel" version="12.1.3.8.30" id="springboardPageDef"
                Package="wb.Springboard">
  <parameters/>
  <executables>
    <variableIterator id="variables"/>
    <iterator Binds="root" RangeSize="25" DataControl="ApplicationFeatures" id="ApplicationFeaturesIterator"/>
    <accessorIterator MasterBinding="ApplicationFeaturesIterator" Binds="features" RangeSize="25"
                      DataControl="ApplicationFeatures" BeanClass="oracle.adfmf.framework.FeatureInformation"
                      id="featuresIterator"/>
    <iterator Binds="root" RangeSize="25" DataControl="MultiOrgList" id="MultiOrgListIterator"/>
    <accessorIterator MasterBinding="MultiOrgListIterator" Binds="multiOrgs" RangeSize="25" DataControl="MultiOrgList"
                      BeanClass="mobile.MultiOrg" id="multiOrgsIterator"/>
  </executables>
  <bindings>
    <tree IterBinding="featuresIterator" id="features">
      <nodeDefinition DefName="oracle.adfmf.framework.FeatureInformation" Name="features0">
        <AttrNames>
          <Item Value="name"/>
          <Item Value="id"/>
          <Item Value="icon"/>
          <Item Value="showOnSpringBoard"/>
        </AttrNames>
      </nodeDefinition>
    </tree>
    <methodAction id="gotoFeature" RequiresUpdateModel="true" Action="invokeMethod" MethodName="gotoFeature"
                  IsViewObjectMethod="false" DataControl="ApplicationFeatures"
                  InstanceName="data.ApplicationFeatures.dataProvider">
      <NamedData NDName="featureId" NDValue="#{viewScope.featureid}" NDType="java.lang.String"/>
    </methodAction>
    <list IterBinding="multiOrgsIterator" ListOperMode="navigation" ListIter="multiOrgsIterator" id="multiOrgs"
          DTSupportsMRU="true" SelectItemValueMode="ListObject">
      <AttrNames>
        <Item Value="orgName"/>
      </AttrNames>
    </list>
  </bindings>
</pageDefinition>
