<?xml version="1.0" encoding="windows-1252" ?>
<adfc-mobile-config xmlns="http://xmlns.oracle.com/adf/controller" version="1.0">
  <task-flow-definition id="Notifiaction-task-flow">
    <default-activity>Notification</default-activity>
    <view id="Notification">
      <page>/mp.Notification/Notification.amx</page>
    </view>
    <view id="Notification_details">
      <page>/mp.Notification/NotificationDetails.amx</page>
    </view>
    <view id="Noti_detail">
      <page>/Noti_detail.amx</page>
    </view>
    <control-flow-rule id="__3">
      <from-activity-id>Notification</from-activity-id>
      <control-flow-case id="__4">
        <from-outcome>Details_notification</from-outcome>
        <to-activity-id>Notification_details</to-activity-id>
      </control-flow-case>
      <control-flow-case id="__1">
        <from-outcome>detail</from-outcome>
        <to-activity-id>Noti_detail</to-activity-id>
      </control-flow-case>
    </control-flow-rule>
    <page-flow-scope-behavior>
      <push-new/>
    </page-flow-scope-behavior>
  </task-flow-definition>
</adfc-mobile-config>
